[
  {
    "id": "8529d203-352d-4491-9b32-2070c4e52fe9",
    "data": [
      {
        "text": "Friend ",
        "userDefined": false
      },
      {
        "text": "Bobby Bobinson",
        "alias": "Friends",
        "meta": "@Friends",
        "userDefined": false
      }
    ],
    "isTemplate": false,
    "count": 0,
    "updated": 1529849593
  },
  {
    "id": "59ce4ea3-10a2-4b01-9585-3f674d014741",
    "data": [
      {
        "text": "Friend ",
        "userDefined": false
      },
      {
        "text": "Matt",
        "alias": "Friends",
        "meta": "@Friends",
        "userDefined": false
      }
    ],
    "isTemplate": false,
    "count": 0,
    "updated": 1529849593
  },
  {
    "id": "018a93fa-cd0a-472c-a0e2-8d3dccfeafac",
    "data": [
      {
        "text": "Friend ",
        "userDefined": false
      },
      {
        "text": "John Doe",
        "alias": "Friends",
        "meta": "@Friends",
        "userDefined": false
      }
    ],
    "isTemplate": false,
    "count": 0,
    "updated": 1529849593
  },
  {
    "id": "d7888c0f-9f35-4ca5-b24e-b683d13de52b",
    "data": [
      {
        "text": "Bobby Bobinson",
        "alias": "Friends",
        "meta": "@Friends",
        "userDefined": true
      }
    ],
    "isTemplate": false,
    "count": 0,
    "updated": 1529849593
  },
  {
    "id": "0b06a523-4b4c-476d-898f-99b06b4d87b6",
    "data": [
      {
        "text": "John Doe",
        "alias": "Friends",
        "meta": "@Friends",
        "userDefined": true
      }
    ],
    "isTemplate": false,
    "count": 0,
    "updated": 1529849593
  }
]