[
  {
    "id": "baa2f56d-f3b9-4d6b-ae4e-9336782751cd",
    "data": [
      {
        "text": "set up a ",
        "userDefined": false
      },
      {
        "text": "meeting",
        "alias": "eventScheduling",
        "meta": "@eventScheduling",
        "userDefined": false
      }
    ],
    "isTemplate": false,
    "count": 0,
    "updated": 1529855944
  },
  {
    "id": "f628cdc4-9d0a-49a3-a307-e7e247d35dac",
    "data": [
      {
        "text": "meeting",
        "alias": "eventScheduling",
        "meta": "@eventScheduling",
        "userDefined": true
      }
    ],
    "isTemplate": false,
    "count": 0,
    "updated": 1529855944
  },
  {
    "id": "cb375936-00d1-401c-892b-3adb6d209f3c",
    "data": [
      {
        "text": "organize",
        "meta": "@sys.ignore",
        "userDefined": false
      },
      {
        "text": " a ",
        "userDefined": false
      },
      {
        "text": "meetup",
        "alias": "eventScheduling",
        "meta": "@eventScheduling",
        "userDefined": true
      }
    ],
    "isTemplate": false,
    "count": 0,
    "updated": 1529855944
  },
  {
    "id": "525ca273-a923-476e-aa9c-09872e1ef168",
    "data": [
      {
        "text": "I\u0027d like to ",
        "userDefined": false
      },
      {
        "text": "arrange",
        "meta": "@sys.ignore",
        "userDefined": false
      },
      {
        "text": " a ",
        "userDefined": false
      },
      {
        "text": "meeting",
        "alias": "eventScheduling",
        "meta": "@eventScheduling",
        "userDefined": true
      }
    ],
    "isTemplate": false,
    "count": 0,
    "updated": 1529855944
  },
  {
    "id": "994c2c29-8b98-41fe-9712-8102e7f28a81",
    "data": [
      {
        "text": "I\u0027d like to ",
        "userDefined": false
      },
      {
        "text": "schedule",
        "meta": "@sys.ignore",
        "userDefined": false
      },
      {
        "text": " an ",
        "userDefined": false
      },
      {
        "text": "event",
        "alias": "eventScheduling",
        "meta": "@eventScheduling",
        "userDefined": true
      }
    ],
    "isTemplate": false,
    "count": 0,
    "updated": 1529855944
  }
]