[
  {
    "id": "3faf5998-8e98-4298-b92a-a87c64c013ca",
    "data": [
      {
        "text": "probably the ",
        "userDefined": false
      },
      {
        "text": "Cathay",
        "alias": "singaporeLocations",
        "meta": "@singaporeLocations",
        "userDefined": true
      },
      {
        "text": " theater at ",
        "userDefined": false
      },
      {
        "text": "Jem",
        "alias": "singaporeLocations",
        "meta": "@singaporeLocations",
        "userDefined": false
      }
    ],
    "isTemplate": false,
    "count": 0,
    "updated": 1529852095
  },
  {
    "id": "69753da1-1054-4bdd-9123-648a528e2a1f",
    "data": [
      {
        "text": "maybe ",
        "userDefined": false
      },
      {
        "text": "Pasir Ris",
        "alias": "singaporeLocations",
        "meta": "@singaporeLocations",
        "userDefined": false
      },
      {
        "text": "?",
        "userDefined": false
      }
    ],
    "isTemplate": false,
    "count": 0,
    "updated": 1529811050
  },
  {
    "id": "61e242d1-400a-4eaf-b705-7a0f6f81b982",
    "data": [
      {
        "text": "West Gate",
        "alias": "singaporeLocations",
        "meta": "@singaporeLocations",
        "userDefined": false
      }
    ],
    "isTemplate": false,
    "count": 0,
    "updated": 1529811050
  },
  {
    "id": "5f47cdcb-a17b-4f45-9c53-c0ad34c52d30",
    "data": [
      {
        "text": "Jurong Point",
        "alias": "singaporeLocations",
        "meta": "@singaporeLocations",
        "userDefined": false
      }
    ],
    "isTemplate": false,
    "count": 0,
    "updated": 1529811050
  },
  {
    "id": "53f0e09b-5a68-4b4f-b0d6-17330ac4e6ba",
    "data": [
      {
        "text": "JP",
        "alias": "singaporeLocations",
        "meta": "@singaporeLocations",
        "userDefined": false
      }
    ],
    "isTemplate": false,
    "count": 0,
    "updated": 1529811050
  },
  {
    "id": "fbb6f2f3-6a62-46c7-be00-da9025156b22",
    "data": [
      {
        "text": "JE",
        "alias": "singaporeLocations",
        "meta": "@singaporeLocations",
        "userDefined": false
      }
    ],
    "isTemplate": false,
    "count": 0,
    "updated": 1529811050
  }
]