[
  {
    "id": "a3754ab0-23af-4d19-8363-52c9d6553536",
    "data": [
      {
        "text": "27th July 2018",
        "alias": "date",
        "meta": "@sys.date",
        "userDefined": false
      },
      {
        "text": ", ",
        "userDefined": false
      },
      {
        "text": "4pm",
        "alias": "time",
        "meta": "@sys.time",
        "userDefined": false
      }
    ],
    "isTemplate": false,
    "count": 0,
    "updated": 1529770973
  },
  {
    "id": "e4301fe2-e1e3-4d00-9e9b-b751a48da4f3",
    "data": [
      {
        "text": "Tomorrow",
        "alias": "date",
        "meta": "@sys.date",
        "userDefined": false
      },
      {
        "text": ", ",
        "userDefined": false
      },
      {
        "text": "11pm",
        "alias": "time",
        "meta": "@sys.time",
        "userDefined": false
      }
    ],
    "isTemplate": false,
    "count": 0,
    "updated": 1529770973
  },
  {
    "id": "667ebc0a-b729-455c-9166-a7238c958a87",
    "data": [
      {
        "text": "Today",
        "alias": "date",
        "meta": "@sys.date",
        "userDefined": false
      },
      {
        "text": ", ",
        "userDefined": false
      },
      {
        "text": "6pm",
        "alias": "time",
        "meta": "@sys.time",
        "userDefined": false
      }
    ],
    "isTemplate": false,
    "count": 0,
    "updated": 1529770973
  }
]