[
  {
    "value": "Jurong East",
    "synonyms": [
      "Jurong East",
      "JE"
    ]
  },
  {
    "value": "JEM",
    "synonyms": [
      "JEM"
    ]
  },
  {
    "value": "Pasir Ris",
    "synonyms": [
      "Pasir Ris"
    ]
  },
  {
    "value": "West Gate",
    "synonyms": [
      "West Gate"
    ]
  },
  {
    "value": "Cathay Cineplexes",
    "synonyms": [
      "Cathay Cineplexes",
      "cathay"
    ]
  },
  {
    "value": "Shaw Theatres",
    "synonyms": [
      "Shaw Theatres",
      "shaw"
    ]
  },
  {
    "value": "Golden Village",
    "synonyms": [
      "Golden Village",
      "GV"
    ]
  },
  {
    "value": "Jurong Point",
    "synonyms": [
      "Jurong Point",
      "JP"
    ]
  },
  {
    "value": "West Mall",
    "synonyms": [
      "West Mall",
      "WM"
    ]
  }
]